rating_id,round_id,movie_id,membership_id,score,round_number,version_number
r0001,r1-1,m001,m001-v1,6.9,1,1
r0002,r1-1,m001,m002-v1,6.2,1,1
r0003,r1-1,m001,m003-v1,8.1,1,1
r0004,r1-1,m001,m004-v1,10,1,1
r0005,r1-1,m001,m005-v1,8.2,1,1
r0006,r1-1,m001,m006-v1,8,1,1
r0007,r1-1,m001,m007-v1,7.7,1,1
r0008,r1-1,m001,m008-v1,7.4,1,1
r0009,r1-1,m002,m001-v1,6.7,1,1
r0010,r1-1,m002,m002-v1,7.3,1,1
r0011,r1-1,m002,m003-v1,6.9,1,1
r0012,r1-1,m002,m004-v1,8,1,1
r0013,r1-1,m002,m005-v1,6.8,1,1
r0014,r1-1,m002,m006-v1,6.9,1,1
r0015,r1-1,m002,m007-v1,7.1,1,1
r0016,r1-1,m002,m008-v1,6.5,1,1
r0017,r1-1,m003,m001-v1,7.3,1,1
r0018,r1-1,m003,m002-v1,6.9,1,1
r0019,r1-1,m003,m003-v1,7.2,1,1
r0020,r1-1,m003,m004-v1,10,1,1
r0021,r1-1,m003,m005-v1,7.7,1,1
r0022,r1-1,m003,m006-v1,6,1,1
r0023,r1-1,m003,m007-v1,7.2,1,1
r0024,r1-1,m003,m008-v1,6.8,1,1
r0025,r1-1,m004,m001-v1,7.3,1,1
r0026,r1-1,m004,m002-v1,6.1,1,1
r0027,r1-1,m004,m003-v1,8.3,1,1
r0028,r1-1,m004,m004-v1,10,1,1
r0029,r1-1,m004,m005-v1,8.3,1,1
r0030,r1-1,m004,m006-v1,8.5,1,1
r0031,r1-1,m004,m007-v1,7.4,1,1
r0032,r1-1,m004,m008-v1,7.9,1,1
r0033,r1-1,m005,m001-v1,8.5,1,1
r0034,r1-1,m005,m002-v1,8.1,1,1
r0035,r1-1,m005,m003-v1,8.9,1,1
r0036,r1-1,m005,m004-v1,9.9,1,1
r0037,r1-1,m005,m005-v1,8.5,1,1
r0038,r1-1,m005,m006-v1,9,1,1
r0039,r1-1,m005,m007-v1,8.4,1,1
r0040,r1-1,m005,m008-v1,8.8,1,1
r0041,r1-1,m006,m001-v1,7.6,1,1
r0042,r1-1,m006,m002-v1,7.9,1,1
r0043,r1-1,m006,m003-v1,8,1,1
r0044,r1-1,m006,m004-v1,10,1,1
r0045,r1-1,m006,m005-v1,8.7,1,1
r0046,r1-1,m006,m006-v1,8.8,1,1
r0047,r1-1,m006,m007-v1,7.7,1,1
r0048,r1-1,m006,m008-v1,8.3,1,1
r0049,r1-1,m007,m001-v1,8.1,1,1
r0050,r1-1,m007,m002-v1,8.4,1,1
r0051,r1-1,m007,m003-v1,8.2,1,1
r0052,r1-1,m007,m004-v1,9,1,1
r0053,r1-1,m007,m005-v1,7.5,1,1
r0054,r1-1,m007,m006-v1,8,1,1
r0055,r1-1,m007,m007-v1,7,1,1
r0056,r1-1,m007,m008-v1,7.8,1,1
r0057,r1-1,m008,m001-v1,8,1,1
r0058,r1-1,m008,m002-v1,7.8,1,1
r0059,r1-1,m008,m003-v1,8.5,1,1
r0060,r1-1,m008,m004-v1,10,1,1
r0061,r1-1,m008,m005-v1,8.5,1,1
r0062,r1-1,m008,m006-v1,8.5,1,1
r0063,r1-1,m008,m007-v1,9,1,1
r0064,r1-1,m008,m008-v1,8.7,1,1
r0065,r1-2,m009,m001-v1,8.2,2,1
r0066,r1-2,m009,m002-v1,7.1,2,1
r0067,r1-2,m009,m003-v1,8.6,2,1
r0068,r1-2,m009,m004-v1,4,2,1
r0069,r1-2,m009,m005-v1,7.2,2,1
r0070,r1-2,m009,m006-v1,,2,1
r0071,r1-2,m009,m007-v1,8.3,2,1
r0072,r1-2,m009,m008-v1,9.1,2,1
r0073,r1-2,m010,m001-v1,7.3,2,1
r0074,r1-2,m010,m002-v1,7.4,2,1
r0075,r1-2,m010,m003-v1,7.6,2,1
r0076,r1-2,m010,m004-v1,10,2,1
r0077,r1-2,m010,m005-v1,8.5,2,1
r0078,r1-2,m010,m006-v1,8,2,1
r0079,r1-2,m010,m007-v1,7.5,2,1
r0080,r1-2,m010,m008-v1,7.5,2,1
r0081,r1-2,m011,m001-v1,8.4,2,1
r0082,r1-2,m011,m002-v1,8,2,1
r0083,r1-2,m011,m003-v1,8,2,1
r0084,r1-2,m011,m004-v1,10,2,1
r0085,r1-2,m011,m005-v1,8.3,2,1
r0086,r1-2,m011,m006-v1,8.3,2,1
r0087,r1-2,m011,m007-v1,8.8,2,1
r0088,r1-2,m011,m008-v1,8.1,2,1
r0089,r1-2,m012,m001-v1,8.3,2,1
r0090,r1-2,m012,m002-v1,8.3,2,1
r0091,r1-2,m012,m003-v1,7.2,2,1
r0092,r1-2,m012,m004-v1,7,2,1
r0093,r1-2,m012,m005-v1,7.4,2,1
r0094,r1-2,m012,m006-v1,7.6,2,1
r0095,r1-2,m012,m007-v1,7.9,2,1
r0096,r1-2,m012,m008-v1,8.1,2,1
r0097,r1-2,m013,m001-v1,7,2,1
r0098,r1-2,m013,m002-v1,6.8,2,1
r0099,r1-2,m013,m003-v1,7.1,2,1
r0100,r1-2,m013,m004-v1,10,2,1
r0101,r1-2,m013,m005-v1,7.3,2,1
r0102,r1-2,m013,m006-v1,6,2,1
r0103,r1-2,m013,m007-v1,7.2,2,1
r0104,r1-2,m013,m008-v1,7.1,2,1
r0105,r1-2,m014,m001-v1,7.7,2,1
r0106,r1-2,m014,m002-v1,7.8,2,1
r0107,r1-2,m014,m003-v1,7.7,2,1
r0108,r1-2,m014,m004-v1,8,2,1
r0109,r1-2,m014,m005-v1,6.9,2,1
r0110,r1-2,m014,m006-v1,7.9,2,1
r0111,r1-2,m014,m007-v1,7.8,2,1
r0112,r1-2,m014,m008-v1,7.9,2,1
r0113,r1-2,m015,m001-v1,8,2,1
r0114,r1-2,m015,m002-v1,8.2,2,1
r0115,r1-2,m015,m003-v1,8.5,2,1
r0116,r1-2,m015,m004-v1,10,2,1
r0117,r1-2,m015,m005-v1,8.1,2,1
r0118,r1-2,m015,m006-v1,8,2,1
r0119,r1-2,m015,m007-v1,7.9,2,1
r0120,r1-2,m015,m008-v1,8.1,2,1
r0121,r1-2,m016,m001-v1,7.2,2,1
r0122,r1-2,m016,m002-v1,6.9,2,1
r0123,r1-2,m016,m003-v1,8.4,2,1
r0124,r1-2,m016,m004-v1,7,2,1
r0125,r1-2,m016,m005-v1,7.8,2,1
r0126,r1-2,m016,m006-v1,8.2,2,1
r0127,r1-2,m016,m007-v1,8.4,2,1
r0128,r1-2,m016,m008-v1,7.9,2,1
r0129,r1-3,m017,m001-v1,7.6,3,1
r0130,r1-3,m017,m002-v1,7.6,3,1
r0131,r1-3,m017,m003-v1,7.4,3,1
r0132,r1-3,m017,m004-v1,7,3,1
r0133,r1-3,m017,m005-v1,6.9,3,1
r0134,r1-3,m017,m006-v1,7,3,1
r0135,r1-3,m017,m007-v1,7.3,3,1
r0136,r1-3,m017,m008-v1,7.1,3,1
r0137,r1-3,m018,m001-v1,8.1,3,1
r0138,r1-3,m018,m002-v1,7.8,3,1
r0139,r1-3,m018,m003-v1,9,3,1
r0140,r1-3,m018,m004-v1,10,3,1
r0141,r1-3,m018,m005-v1,8.2,3,1
r0142,r1-3,m018,m006-v1,9,3,1
r0143,r1-3,m018,m007-v1,8.4,3,1
r0144,r1-3,m018,m008-v1,9.1,3,1
r0145,r1-3,m019,m001-v1,7.5,3,1
r0146,r1-3,m019,m002-v1,7.6,3,1
r0147,r1-3,m019,m003-v1,8.4,3,1
r0148,r1-3,m019,m004-v1,10,3,1
r0149,r1-3,m019,m005-v1,8.5,3,1
r0150,r1-3,m019,m006-v1,8.5,3,1
r0151,r1-3,m019,m007-v1,7.8,3,1
r0152,r1-3,m019,m008-v1,7.2,3,1
r0153,r1-3,m020,m001-v1,8.1,3,1
r0154,r1-3,m020,m002-v1,8.2,3,1
r0155,r1-3,m020,m003-v1,8.4,3,1
r0156,r1-3,m020,m004-v1,10,3,1
r0157,r1-3,m020,m005-v1,8.6,3,1
r0158,r1-3,m020,m006-v1,8.7,3,1
r0159,r1-3,m020,m007-v1,8,3,1
r0160,r1-3,m020,m008-v1,8.1,3,1
r0161,r1-3,m021,m001-v1,7.4,3,1
r0162,r1-3,m021,m002-v1,7.2,3,1
r0163,r1-3,m021,m003-v1,8,3,1
r0164,r1-3,m021,m004-v1,10,3,1
r0165,r1-3,m021,m005-v1,8,3,1
r0166,r1-3,m021,m006-v1,8,3,1
r0167,r1-3,m021,m007-v1,8.1,3,1
r0168,r1-3,m021,m008-v1,7.9,3,1
r0169,r1-3,m022,m001-v1,7.5,3,1
r0170,r1-3,m022,m002-v1,7,3,1
r0171,r1-3,m022,m003-v1,7.2,3,1
r0172,r1-3,m022,m004-v1,10,3,1
r0173,r1-3,m022,m005-v1,10,3,1
r0174,r1-3,m022,m006-v1,7.3,3,1
r0175,r1-3,m022,m007-v1,7,3,1
r0176,r1-3,m022,m008-v1,7.2,3,1
r0177,r1-3,m023,m001-v1,7.9,3,1
r0178,r1-3,m023,m002-v1,8.1,3,1
r0179,r1-3,m023,m003-v1,8,3,1
r0180,r1-3,m023,m004-v1,8.5,3,1
r0181,r1-3,m023,m005-v1,8,3,1
r0182,r1-3,m023,m006-v1,8.5,3,1
r0183,r1-3,m023,m007-v1,8.7,3,1
r0184,r1-3,m023,m008-v1,8.7,3,1
r0185,r1-3,m024,m001-v1,8,3,1
r0186,r1-3,m024,m002-v1,8.4,3,1
r0187,r1-3,m024,m003-v1,8.3,3,1
r0188,r1-3,m024,m004-v1,4,3,1
r0189,r1-3,m024,m005-v1,8,3,1
r0190,r1-3,m024,m006-v1,8.2,3,1
r0191,r1-3,m024,m007-v1,7.5,3,1
r0192,r1-3,m024,m008-v1,7.2,3,1
r0193,r1-4,m025,m001-v1,8.3,4,1
r0194,r1-4,m025,m002-v1,8.4,4,1
r0195,r1-4,m025,m003-v1,8.6,4,1
r0196,r1-4,m025,m004-v1,6,4,1
r0197,r1-4,m025,m005-v1,8.3,4,1
r0198,r1-4,m025,m006-v1,8.5,4,1
r0199,r1-4,m025,m007-v1,8.5,4,1
r0200,r1-4,m025,m008-v1,8.6,4,1
r0201,r1-4,m026,m001-v1,7.8,4,1
r0202,r1-4,m026,m002-v1,7.9,4,1
r0203,r1-4,m026,m003-v1,8.3,4,1
r0204,r1-4,m026,m004-v1,9,4,1
r0205,r1-4,m026,m005-v1,8,4,1
r0206,r1-4,m026,m006-v1,,4,1
r0207,r1-4,m026,m007-v1,8.6,4,1
r0208,r1-4,m026,m008-v1,7.9,4,1
r0209,r1-4,m027,m001-v1,7.4,4,1
r0210,r1-4,m027,m002-v1,7.8,4,1
r0211,r1-4,m027,m003-v1,7.8,4,1
r0212,r1-4,m027,m004-v1,10,4,1
r0213,r1-4,m027,m005-v1,7.9,4,1
r0214,r1-4,m027,m006-v1,8,4,1
r0215,r1-4,m027,m007-v1,8,4,1
r0216,r1-4,m027,m008-v1,7.6,4,1
r0217,r1-4,m028,m001-v1,7,4,1
r0218,r1-4,m028,m002-v1,6.9,4,1
r0219,r1-4,m028,m003-v1,7,4,1
r0220,r1-4,m028,m004-v1,7,4,1
r0221,r1-4,m028,m005-v1,7.5,4,1
r0222,r1-4,m028,m006-v1,6.9,4,1
r0223,r1-4,m028,m007-v1,6.6,4,1
r0224,r1-4,m028,m008-v1,7,4,1
r0225,r1-4,m029,m001-v1,7.1,4,1
r0226,r1-4,m029,m002-v1,7,4,1
r0227,r1-4,m029,m003-v1,7.5,4,1
r0228,r1-4,m029,m004-v1,8,4,1
r0229,r1-4,m029,m005-v1,7.2,4,1
r0230,r1-4,m029,m006-v1,7,4,1
r0231,r1-4,m029,m007-v1,7,4,1
r0232,r1-4,m029,m008-v1,7.1,4,1
r0233,r1-4,m030,m001-v1,6.8,4,1
r0234,r1-4,m030,m002-v1,7.5,4,1
r0235,r1-4,m030,m003-v1,8.3,4,1
r0236,r1-4,m030,m004-v1,2,4,1
r0237,r1-4,m030,m005-v1,7.2,4,1
r0238,r1-4,m030,m006-v1,8,4,1
r0239,r1-4,m030,m007-v1,8,4,1
r0240,r1-4,m030,m008-v1,8.1,4,1
r0241,r1-4,m031,m001-v1,7.2,4,1
r0242,r1-4,m031,m002-v1,7.1,4,1
r0243,r1-4,m031,m003-v1,7.1,4,1
r0244,r1-4,m031,m004-v1,9,4,1
r0245,r1-4,m031,m005-v1,7.3,4,1
r0246,r1-4,m031,m006-v1,7.2,4,1
r0247,r1-4,m031,m007-v1,7.1,4,1
r0248,r1-4,m031,m008-v1,7.3,4,1
r0249,r1-4,m032,m001-v1,8.1,4,1
r0250,r1-4,m032,m002-v1,8,4,1
r0251,r1-4,m032,m003-v1,8.7,4,1
r0252,r1-4,m032,m004-v1,10,4,1
r0253,r1-4,m032,m005-v1,8,4,1
r0254,r1-4,m032,m006-v1,8,4,1
r0255,r1-4,m032,m007-v1,8.2,4,1
r0256,r1-4,m032,m008-v1,8,4,1
r0257,r1-5,m033,m001-v1,7.7,5,1
r0258,r1-5,m033,m002-v1,7.8,5,1
r0259,r1-5,m033,m003-v1,7.9,5,1
r0260,r1-5,m033,m004-v1,9,5,1
r0261,r1-5,m033,m005-v1,7.7,5,1
r0262,r1-5,m033,m006-v1,,5,1
r0263,r1-5,m033,m007-v1,7.7,5,1
r0264,r1-5,m033,m008-v1,8,5,1
r0265,r1-5,m034,m001-v1,8.4,5,1
r0266,r1-5,m034,m002-v1,9.1,5,1
r0267,r1-5,m034,m003-v1,8.3,5,1
r0268,r1-5,m034,m004-v1,10,5,1
r0269,r1-5,m034,m005-v1,8.1,5,1
r0270,r1-5,m034,m006-v1,,5,1
r0271,r1-5,m034,m007-v1,8.2,5,1
r0272,r1-5,m034,m008-v1,9.1,5,1
r0273,r1-5,m035,m001-v1,,5,1
r0274,r1-5,m035,m002-v1,,5,1
r0275,r1-5,m035,m003-v1,8.1,5,1
r0276,r1-5,m035,m004-v1,8,5,1
r0277,r1-5,m035,m005-v1,7.9,5,1
r0278,r1-5,m035,m006-v1,,5,1
r0279,r1-5,m035,m007-v1,8.2,5,1
r0280,r1-5,m035,m008-v1,7.9,5,1
r0281,r1-5,m036,m001-v1,8.1,5,1
r0282,r1-5,m036,m002-v1,8.8,5,1
r0283,r1-5,m036,m003-v1,8.3,5,1
r0284,r1-5,m036,m004-v1,9,5,1
r0285,r1-5,m036,m005-v1,8.1,5,1
r0286,r1-5,m036,m006-v1,,5,1
r0287,r1-5,m036,m007-v1,8.4,5,1
r0288,r1-5,m036,m008-v1,8.3,5,1
r0289,r1-5,m037,m001-v1,,5,1
r0290,r1-5,m037,m002-v1,,5,1
r0291,r1-5,m037,m003-v1,8.5,5,1
r0292,r1-5,m037,m004-v1,10,5,1
r0293,r1-5,m037,m005-v1,8.3,5,1
r0294,r1-5,m037,m006-v1,,5,1
r0295,r1-5,m037,m007-v1,8.6,5,1
r0296,r1-5,m037,m008-v1,8.4,5,1
r0297,r1-5,m038,m001-v1,7.7,5,1
r0298,r1-5,m038,m002-v1,8,5,1
r0299,r1-5,m038,m003-v1,7.8,5,1
r0300,r1-5,m038,m004-v1,5,5,1
r0301,r1-5,m038,m005-v1,7.4,5,1
r0302,r1-5,m038,m006-v1,,5,1
r0303,r1-5,m038,m007-v1,7.5,5,1
r0304,r1-5,m038,m008-v1,7.2,5,1
r0305,r1-5,m039,m001-v1,7.2,5,1
r0306,r1-5,m039,m002-v1,6.5,5,1
r0307,r1-5,m039,m003-v1,7.1,5,1
r0308,r1-5,m039,m004-v1,8,5,1
r0309,r1-5,m039,m005-v1,7.2,5,1
r0310,r1-5,m039,m006-v1,8.5,5,1
r0311,r1-5,m039,m007-v1,7.2,5,1
r0312,r1-5,m039,m008-v1,7,5,1
r0313,r1-5,m040,m001-v1,7.1,5,1
r0314,r1-5,m040,m002-v1,7,5,1
r0315,r1-5,m040,m003-v1,7.6,5,1
r0316,r1-5,m040,m004-v1,8,5,1
r0317,r1-5,m040,m005-v1,7.6,5,1
r0318,r1-5,m040,m006-v1,,5,1
r0319,r1-5,m040,m007-v1,7.4,5,1
r0320,r1-5,m040,m008-v1,7,5,1
r0321,r1-6,m041,m001-v1,6.4,6,1
r0322,r1-6,m041,m002-v1,6,6,1
r0323,r1-6,m041,m003-v1,6.7,6,1
r0324,r1-6,m041,m004-v1,10,6,1
r0325,r1-6,m041,m005-v1,6.6,6,1
r0326,r1-6,m041,m006-v1,6.1,6,1
r0327,r1-6,m041,m007-v1,6.3,6,1
r0328,r1-6,m041,m008-v1,7,6,1
r0329,r1-6,m042,m001-v1,7.5,6,1
r0330,r1-6,m042,m002-v1,7.8,6,1
r0331,r1-6,m042,m003-v1,8.3,6,1
r0332,r1-6,m042,m004-v1,7,6,1
r0333,r1-6,m042,m005-v1,7.4,6,1
r0334,r1-6,m042,m006-v1,8,6,1
r0335,r1-6,m042,m007-v1,8.3,6,1
r0336,r1-6,m042,m008-v1,8.4,6,1
r0337,r1-6,m043,m001-v1,,6,1
r0338,r1-6,m043,m002-v1,,6,1
r0339,r1-6,m043,m003-v1,6.9,6,1
r0340,r1-6,m043,m004-v1,6,6,1
r0341,r1-6,m043,m005-v1,6.9,6,1
r0342,r1-6,m043,m006-v1,7.9,6,1
r0343,r1-6,m043,m007-v1,7,6,1
r0344,r1-6,m043,m008-v1,7,6,1
r0345,r1-6,m044,m001-v1,7.9,6,1
r0346,r1-6,m044,m002-v1,7.6,6,1
r0347,r1-6,m044,m003-v1,7.9,6,1
r0348,r1-6,m044,m004-v1,7,6,1
r0349,r1-6,m044,m005-v1,7.7,6,1
r0350,r1-6,m044,m006-v1,7.5,6,1
r0351,r1-6,m044,m007-v1,7.5,6,1
r0352,r1-6,m044,m008-v1,7.6,6,1
r0353,r1-6,m045,m001-v1,7.7,6,1
r0354,r1-6,m045,m002-v1,,6,1
r0355,r1-6,m045,m003-v1,7.9,6,1
r0356,r1-6,m045,m004-v1,8,6,1
r0357,r1-6,m045,m005-v1,7.6,6,1
r0358,r1-6,m045,m006-v1,7.8,6,1
r0359,r1-6,m045,m007-v1,7.7,6,1
r0360,r1-6,m045,m008-v1,7.7,6,1
r0361,r1-6,m046,m001-v1,,6,1
r0362,r1-6,m046,m002-v1,,6,1
r0363,r1-6,m046,m003-v1,,6,1
r0364,r1-6,m046,m004-v1,8,6,1
r0365,r1-6,m046,m005-v1,7.2,6,1
r0366,r1-6,m046,m006-v1,,6,1
r0367,r1-6,m046,m007-v1,7.4,6,1
r0368,r1-6,m046,m008-v1,,6,1
r0369,r1-6,m047,m001-v1,6.8,6,1
r0370,r1-6,m047,m002-v1,6.6,6,1
r0371,r1-6,m047,m003-v1,7,6,1
r0372,r1-6,m047,m004-v1,8,6,1
r0373,r1-6,m047,m005-v1,6.9,6,1
r0374,r1-6,m047,m006-v1,7,6,1
r0375,r1-6,m047,m007-v1,7.2,6,1
r0376,r1-6,m047,m008-v1,6.9,6,1
r0377,r1-6,m048,m001-v1,,6,1
r0378,r1-6,m048,m002-v1,,6,1
r0379,r1-6,m048,m003-v1,8.3,6,1
r0380,r1-6,m048,m004-v1,8.5,6,1
r0381,r1-6,m048,m005-v1,7.7,6,1
r0382,r1-6,m048,m006-v1,8,6,1
r0383,r1-6,m048,m007-v1,9,6,1
r0384,r1-6,m048,m008-v1,8.1,6,1
r0385,r1-7,m049,m001-v1,6.4,7,1
r0386,r1-7,m049,m002-v1,6.1,7,1
r0387,r1-7,m049,m003-v1,7,7,1
r0388,r1-7,m049,m004-v1,6.5,7,1
r0389,r1-7,m049,m005-v1,6.8,7,1
r0390,r1-7,m049,m006-v1,,7,1
r0391,r1-7,m049,m007-v1,7.2,7,1
r0392,r1-7,m049,m008-v1,,7,1
r0393,r1-7,m050,m001-v1,7.6,7,1
r0394,r1-7,m050,m002-v1,8,7,1
r0395,r1-7,m050,m003-v1,7.8,7,1
r0396,r1-7,m050,m004-v1,8,7,1
r0397,r1-7,m050,m005-v1,7.8,7,1
r0398,r1-7,m050,m006-v1,8.5,7,1
r0399,r1-7,m050,m007-v1,7.4,7,1
r0400,r1-7,m050,m008-v1,,7,1
r0401,r1-7,m051,m001-v1,8,7,1
r0402,r1-7,m051,m002-v1,8.3,7,1
r0403,r1-7,m051,m003-v1,8.7,7,1
r0404,r1-7,m051,m004-v1,10,7,1
r0405,r1-7,m051,m005-v1,8.5,7,1
r0406,r1-7,m051,m006-v1,8.7,7,1
r0407,r1-7,m051,m007-v1,9.1,7,1
r0408,r1-7,m051,m008-v1,8.6,7,1
r0409,r1-7,m052,m001-v1,7.7,7,1
r0410,r1-7,m052,m002-v1,7.5,7,1
r0411,r1-7,m052,m003-v1,8.7,7,1
r0412,r1-7,m052,m004-v1,6,7,1
r0413,r1-7,m052,m005-v1,8,7,1
r0414,r1-7,m052,m006-v1,9.5,7,1
r0415,r1-7,m052,m007-v1,8.7,7,1
r0416,r1-7,m052,m008-v1,8.8,7,1
r0417,r1-7,m053,m001-v1,6.3,7,1
r0418,r1-7,m053,m002-v1,6.1,7,1
r0419,r1-7,m053,m003-v1,6.3,7,1
r0420,r1-7,m053,m004-v1,7.5,7,1
r0421,r1-7,m053,m005-v1,6.2,7,1
r0422,r1-7,m053,m006-v1,7,7,1
r0423,r1-7,m053,m007-v1,6.8,7,1
r0424,r1-7,m053,m008-v1,6.7,7,1
r0425,r1-7,m054,m001-v1,8.3,7,1
r0426,r1-7,m054,m002-v1,8.5,7,1
r0427,r1-7,m054,m003-v1,8.3,7,1
r0428,r1-7,m054,m004-v1,8,7,1
r0429,r1-7,m054,m005-v1,8,7,1
r0430,r1-7,m054,m006-v1,,7,1
r0431,r1-7,m054,m007-v1,8.8,7,1
r0432,r1-7,m054,m008-v1,9.1,7,1
r0433,r1-7,m055,m001-v1,6.5,7,1
r0434,r1-7,m055,m002-v1,7,7,1
r0435,r1-7,m055,m003-v1,6.8,7,1
r0436,r1-7,m055,m004-v1,7,7,1
r0437,r1-7,m055,m005-v1,7.4,7,1
r0438,r1-7,m055,m006-v1,,7,1
r0439,r1-7,m055,m007-v1,6.9,7,1
r0440,r1-7,m055,m008-v1,6.5,7,1
r0441,r1-7,m056,m001-v1,7.9,7,1
r0442,r1-7,m056,m002-v1,7.6,7,1
r0443,r1-7,m056,m003-v1,8.7,7,1
r0444,r1-7,m056,m004-v1,10,7,1
r0445,r1-7,m056,m005-v1,8.8,7,1
r0446,r1-7,m056,m006-v1,,7,1
r0447,r1-7,m056,m007-v1,8.8,7,1
r0448,r1-7,m056,m008-v1,8.7,7,1
r0449,r1-8,m057,m001-v1,7.7,8,1
r0450,r1-8,m057,m002-v1,7.1,8,1
r0451,r1-8,m057,m003-v1,7.4,8,1
r0452,r1-8,m057,m004-v1,10,8,1
r0453,r1-8,m057,m005-v1,7.1,8,1
r0454,r1-8,m057,m006-v1,7.2,8,1
r0455,r1-8,m057,m007-v1,7.6,8,1
r0456,r1-8,m057,m008-v1,,8,1
r0457,r1-8,m058,m001-v1,,8,1
r0458,r1-8,m058,m002-v1,,8,1
r0459,r1-8,m058,m003-v1,8.2,8,1
r0460,r1-8,m058,m004-v1,5,8,1
r0461,r1-8,m058,m005-v1,7.5,8,1
r0462,r1-8,m058,m006-v1,7,8,1
r0463,r1-8,m058,m007-v1,7.4,8,1
r0464,r1-8,m058,m008-v1,7.9,8,1
r0465,r1-8,m059,m001-v1,8.1,8,1
r0466,r1-8,m059,m002-v1,7.5,8,1
r0467,r1-8,m059,m003-v1,8.4,8,1
r0468,r1-8,m059,m004-v1,9,8,1
r0469,r1-8,m059,m005-v1,8.1,8,1
r0470,r1-8,m059,m006-v1,8,8,1
r0471,r1-8,m059,m007-v1,8,8,1
r0472,r1-8,m059,m008-v1,,8,1
r0473,r1-8,m060,m001-v1,8.1,8,1
r0474,r1-8,m060,m002-v1,7.9,8,1
r0475,r1-8,m060,m003-v1,6.4,8,1
r0476,r1-8,m060,m004-v1,9.5,8,1
r0477,r1-8,m060,m005-v1,,8,1
r0478,r1-8,m060,m006-v1,,8,1
r0479,r1-8,m060,m007-v1,7.8,8,1
r0480,r1-8,m060,m008-v1,7.5,8,1
r0481,r1-8,m061,m001-v1,,8,1
r0482,r1-8,m061,m002-v1,,8,1
r0483,r1-8,m061,m003-v1,7.9,8,1
r0484,r1-8,m061,m004-v1,8,8,1
r0485,r1-8,m061,m005-v1,7.9,8,1
r0486,r1-8,m061,m006-v1,,8,1
r0487,r1-8,m061,m007-v1,9.1,8,1
r0488,r1-8,m061,m008-v1,7.8,8,1
r0489,r1-8,m062,m001-v1,,8,1
r0490,r1-8,m062,m002-v1,,8,1
r0491,r1-8,m062,m003-v1,,8,1
r0492,r1-8,m062,m004-v1,6,8,1
r0493,r1-8,m062,m005-v1,,8,1
r0494,r1-8,m062,m006-v1,,8,1
r0495,r1-8,m062,m007-v1,7.5,8,1
r0496,r1-8,m062,m008-v1,7.3,8,1
r0497,r1-8,m063,m001-v1,6.6,8,1
r0498,r1-8,m063,m002-v1,,8,1
r0499,r1-8,m063,m003-v1,6.9,8,1
r0500,r1-8,m063,m004-v1,10,8,1
r0501,r1-8,m063,m005-v1,7,8,1
r0502,r1-8,m063,m006-v1,,8,1
r0503,r1-8,m063,m007-v1,6.9,8,1
r0504,r1-8,m063,m008-v1,6.8,8,1
r0505,r1-8,m064,m001-v1,8.8,8,1
r0506,r1-8,m064,m002-v1,8,8,1
r0507,r1-8,m064,m003-v1,7.4,8,1
r0508,r1-8,m064,m004-v1,10,8,1
r0509,r1-8,m064,m005-v1,7.5,8,1
r0510,r1-8,m064,m006-v1,,8,1
r0511,r1-8,m064,m007-v1,7,8,1
r0512,r1-8,m064,m008-v1,7.8,8,1
r0513,r1-9,m065,m001-v1,,9,1
r0514,r1-9,m065,m002-v1,,9,1
r0515,r1-9,m065,m003-v1,7.7,9,1
r0516,r1-9,m065,m004-v1,6,9,1
r0517,r1-9,m065,m005-v1,,9,1
r0518,r1-9,m065,m006-v1,,9,1
r0519,r1-9,m065,m007-v1,7.6,9,1
r0520,r1-9,m065,m008-v1,7.6,9,1
r0521,r1-9,m066,m001-v1,8.2,9,1
r0522,r1-9,m066,m002-v1,,9,1
r0523,r1-9,m066,m003-v1,8.2,9,1
r0524,r1-9,m066,m004-v1,8.5,9,1
r0525,r1-9,m066,m005-v1,,9,1
r0526,r1-9,m066,m006-v1,,9,1
r0527,r1-9,m066,m007-v1,8.7,9,1
r0528,r1-9,m066,m008-v1,8.5,9,1
r0529,r1-9,m067,m001-v1,,9,1
r0530,r1-9,m067,m002-v1,,9,1
r0531,r1-9,m067,m003-v1,8.4,9,1
r0532,r1-9,m067,m004-v1,8,9,1
r0533,r1-9,m067,m005-v1,7.4,9,1
r0534,r1-9,m067,m006-v1,,9,1
r0535,r1-9,m067,m007-v1,7.7,9,1
r0536,r1-9,m067,m008-v1,7.2,9,1
r0537,r1-9,m068,m001-v1,,9,1
r0538,r1-9,m068,m002-v1,,9,1
r0539,r1-9,m068,m003-v1,8.8,9,1
r0540,r1-9,m068,m004-v1,9,9,1
r0541,r1-9,m068,m005-v1,7.9,9,1
r0542,r1-9,m068,m006-v1,,9,1
r0543,r1-9,m068,m007-v1,8.2,9,1
r0544,r1-9,m068,m008-v1,8.1,9,1
r0545,r1-9,m069,m001-v1,8.4,9,1
r0546,r1-9,m069,m002-v1,8.5,9,1
r0547,r1-9,m069,m003-v1,8.5,9,1
r0548,r1-9,m069,m004-v1,9,9,1
r0549,r1-9,m069,m005-v1,8.5,9,1
r0550,r1-9,m069,m006-v1,,9,1
r0551,r1-9,m069,m007-v1,8.5,9,1
r0552,r1-9,m069,m008-v1,9.4,9,1
r0553,r1-9,m070,m001-v1,7.7,9,1
r0554,r1-9,m070,m002-v1,,9,1
r0555,r1-9,m070,m003-v1,7.2,9,1
r0556,r1-9,m070,m004-v1,10,9,1
r0557,r1-9,m070,m005-v1,,9,1
r0558,r1-9,m070,m006-v1,,9,1
r0559,r1-9,m070,m007-v1,7,9,1
r0560,r1-9,m070,m008-v1,7.5,9,1
r0561,r1-9,m071,m001-v1,7.9,9,1
r0562,r1-9,m071,m002-v1,7,9,1
r0563,r1-9,m071,m003-v1,8,9,1
r0564,r1-9,m071,m004-v1,10,9,1
r0565,r1-9,m071,m005-v1,8,9,1
r0566,r1-9,m071,m006-v1,,9,1
r0567,r1-9,m071,m007-v1,8,9,1
r0568,r1-9,m071,m008-v1,,9,1
r0569,r1-9,m072,m001-v1,7.2,9,1
r0570,r1-9,m072,m002-v1,7,9,1
r0571,r1-9,m072,m003-v1,6.9,9,1
r0572,r1-9,m072,m004-v1,8,9,1
r0573,r1-9,m072,m005-v1,7,9,1
r0574,r1-9,m072,m006-v1,,9,1
r0575,r1-9,m072,m007-v1,6.6,9,1
r0576,r1-9,m072,m008-v1,6.7,9,1
r0577,r1-10,m073,m001-v1,7.6,10,1
r0578,r1-10,m073,m002-v1,7.3,10,1
r0579,r1-10,m073,m003-v1,8.2,10,1
r0580,r1-10,m073,m004-v1,9,10,1
r0581,r1-10,m073,m005-v1,8,10,1
r0582,r1-10,m073,m006-v1,,10,1
r0583,r1-10,m073,m007-v1,8.3,10,1
r0584,r1-10,m073,m008-v1,8,10,1
r0585,r1-10,m074,m001-v1,8.1,10,1
r0586,r1-10,m074,m002-v1,8.1,10,1
r0587,r1-10,m074,m003-v1,7.8,10,1
r0588,r1-10,m074,m004-v1,10,10,1
r0589,r1-10,m074,m005-v1,7.9,10,1
r0590,r1-10,m074,m006-v1,,10,1
r0591,r1-10,m074,m007-v1,8.6,10,1
r0592,r1-10,m074,m008-v1,8,10,1
r0593,r1-10,m075,m001-v1,6.5,10,1
r0594,r1-10,m075,m002-v1,6,10,1
r0595,r1-10,m075,m003-v1,7.7,10,1
r0596,r1-10,m075,m004-v1,6.5,10,1
r0597,r1-10,m075,m005-v1,7.6,10,1
r0598,r1-10,m075,m006-v1,,10,1
r0599,r1-10,m075,m007-v1,6.7,10,1
r0600,r1-10,m075,m008-v1,6.9,10,1
r0601,r1-10,m076,m001-v1,,10,1
r0602,r1-10,m076,m002-v1,,10,1
r0603,r1-10,m076,m003-v1,8.6,10,1
r0604,r1-10,m076,m004-v1,10,10,1
r0605,r1-10,m076,m005-v1,8.8,10,1
r0606,r1-10,m076,m006-v1,,10,1
r0607,r1-10,m076,m007-v1,9.2,10,1
r0608,r1-10,m076,m008-v1,,10,1
r0609,r1-10,m077,m001-v1,7.9,10,1
r0610,r1-10,m077,m002-v1,,10,1
r0611,r1-10,m077,m003-v1,8.2,10,1
r0612,r1-10,m077,m004-v1,,10,1
r0613,r1-10,m077,m005-v1,8,10,1
r0614,r1-10,m077,m006-v1,,10,1
r0615,r1-10,m077,m007-v1,8.3,10,1
r0616,r1-10,m077,m008-v1,,10,1
r0617,r1-10,m078,m001-v1,6.9,10,1
r0618,r1-10,m078,m002-v1,,10,1
r0619,r1-10,m078,m003-v1,6.6,10,1
r0620,r1-10,m078,m004-v1,,10,1
r0621,r1-10,m078,m005-v1,6.6,10,1
r0622,r1-10,m078,m006-v1,,10,1
r0623,r1-10,m078,m007-v1,7.2,10,1
r0624,r1-10,m078,m008-v1,6.1,10,1
r0625,r1-10,m079,m001-v1,6.8,10,1
r0626,r1-10,m079,m002-v1,,10,1
r0627,r1-10,m079,m003-v1,6.4,10,1
r0628,r1-10,m079,m004-v1,,10,1
r0629,r1-10,m079,m005-v1,,10,1
r0630,r1-10,m079,m006-v1,,10,1
r0631,r1-10,m079,m007-v1,6.6,10,1
r0632,r1-10,m079,m008-v1,7,10,1
r0633,r1-10,m080,m001-v1,7.9,10,1
r0634,r1-10,m080,m002-v1,,10,1
r0635,r1-10,m080,m003-v1,7.6,10,1
r0636,r1-10,m080,m004-v1,,10,1
r0637,r1-10,m080,m005-v1,,10,1
r0638,r1-10,m080,m006-v1,,10,1
r0639,r1-10,m080,m007-v1,7.6,10,1
r0640,r1-10,m080,m008-v1,7.8,10,1
r0641,r1-11,m081,m001-v1,7.1,11,1
r0642,r1-11,m081,m002-v1,6,11,1
r0643,r1-11,m081,m003-v1,6.2,11,1
r0644,r1-11,m081,m004-v1,8.5,11,1
r0645,r1-11,m081,m005-v1,,11,1
r0646,r1-11,m081,m006-v1,,11,1
r0647,r1-11,m081,m007-v1,7.6,11,1
r0648,r1-11,m081,m008-v1,7.7,11,1
r0649,r1-11,m082,m001-v1,8,11,1
r0650,r1-11,m082,m002-v1,8.2,11,1
r0651,r1-11,m082,m003-v1,8.4,11,1
r0652,r1-11,m082,m004-v1,7,11,1
r0653,r1-11,m082,m005-v1,,11,1
r0654,r1-11,m082,m006-v1,,11,1
r0655,r1-11,m082,m007-v1,7.8,11,1
r0656,r1-11,m082,m008-v1,,11,1
r0657,r1-11,m083,m001-v1,,11,1
r0658,r1-11,m083,m002-v1,,11,1
r0659,r1-11,m083,m003-v1,8.4,11,1
r0660,r1-11,m083,m004-v1,,11,1
r0661,r1-11,m083,m005-v1,,11,1
r0662,r1-11,m083,m006-v1,,11,1
r0663,r1-11,m083,m007-v1,9,11,1
r0664,r1-11,m083,m008-v1,8.3,11,1
r0665,r1-11,m084,m001-v1,7.5,11,1
r0666,r1-11,m084,m002-v1,7.3,11,1
r0667,r1-11,m084,m003-v1,7.9,11,1
r0668,r1-11,m084,m004-v1,,11,1
r0669,r1-11,m084,m005-v1,,11,1
r0670,r1-11,m084,m006-v1,,11,1
r0671,r1-11,m084,m007-v1,7.7,11,1
r0672,r1-11,m084,m008-v1,7.2,11,1
r0673,r1-11,m085,m001-v1,7.8,11,1
r0674,r1-11,m085,m002-v1,6,11,1
r0675,r1-11,m085,m003-v1,6.8,11,1
r0676,r1-11,m085,m004-v1,,11,1
r0677,r1-11,m085,m005-v1,,11,1
r0678,r1-11,m085,m006-v1,,11,1
r0679,r1-11,m085,m007-v1,6.6,11,1
r0680,r1-11,m085,m008-v1,8.7,11,1
r0681,r1-11,m086,m001-v1,7.3,11,1
r0682,r1-11,m086,m002-v1,,11,1
r0683,r1-11,m086,m003-v1,8,11,1
r0684,r1-11,m086,m004-v1,,11,1
r0685,r1-11,m086,m005-v1,,11,1
r0686,r1-11,m086,m006-v1,,11,1
r0687,r1-11,m086,m007-v1,8.2,11,1
r0688,r1-11,m086,m008-v1,,11,1
r0689,r1-11,m087,m001-v1,8.1,11,1
r0690,r1-11,m087,m002-v1,,11,1
r0691,r1-11,m087,m003-v1,8.4,11,1
r0692,r1-11,m087,m004-v1,,11,1
r0693,r1-11,m087,m005-v1,,11,1
r0694,r1-11,m087,m006-v1,,11,1
r0695,r1-11,m087,m007-v1,8.5,11,1
r0696,r1-11,m087,m008-v1,8.2,11,1
r0697,r1-11,m088,m001-v1,8,11,1
r0698,r1-11,m088,m002-v1,,11,1
r0699,r1-11,m088,m003-v1,7.9,11,1
r0700,r1-11,m088,m004-v1,,11,1
r0701,r1-11,m088,m005-v1,,11,1
r0702,r1-11,m088,m006-v1,,11,1
r0703,r1-11,m088,m007-v1,8,11,1
r0704,r1-11,m088,m008-v1,8.2,11,1
r0705,r1-12,m089,m001-v1,7.7,12,1
r0706,r1-12,m089,m002-v1,,12,1
r0707,r1-12,m089,m003-v1,7.8,12,1
r0708,r1-12,m089,m004-v1,,12,1
r0709,r1-12,m089,m005-v1,,12,1
r0710,r1-12,m089,m006-v1,,12,1
r0711,r1-12,m089,m007-v1,8.6,12,1
r0712,r1-12,m089,m008-v1,7.8,12,1
r0713,r1-12,m090,m001-v1,8.2,12,1
r0714,r1-12,m090,m002-v1,,12,1
r0715,r1-12,m090,m003-v1,8.1,12,1
r0716,r1-12,m090,m004-v1,,12,1
r0717,r1-12,m090,m005-v1,,12,1
r0718,r1-12,m090,m006-v1,,12,1
r0719,r1-12,m090,m007-v1,8.8,12,1
r0720,r1-12,m090,m008-v1,8.2,12,1
r0721,r1-12,m091,m001-v1,8,12,1
r0722,r1-12,m091,m002-v1,,12,1
r0723,r1-12,m091,m003-v1,8.1,12,1
r0724,r1-12,m091,m004-v1,,12,1
r0725,r1-12,m091,m005-v1,,12,1
r0726,r1-12,m091,m006-v1,,12,1
r0727,r1-12,m091,m007-v1,7.5,12,1
r0728,r1-12,m091,m008-v1,7,12,1
r0729,r1-12,m092,m001-v1,7.4,12,1
r0730,r1-12,m092,m002-v1,,12,1
r0731,r1-12,m092,m003-v1,7.6,12,1
r0732,r1-12,m092,m004-v1,,12,1
r0733,r1-12,m092,m005-v1,,12,1
r0734,r1-12,m092,m006-v1,,12,1
r0735,r1-12,m092,m007-v1,7.7,12,1
r0736,r1-12,m092,m008-v1,7.2,12,1
r0737,r1-12,m093,m001-v1,7.7,12,1
r0738,r1-12,m093,m002-v1,,12,1
r0739,r1-12,m093,m003-v1,8.4,12,1
r0740,r1-12,m093,m004-v1,,12,1
r0741,r1-12,m093,m005-v1,,12,1
r0742,r1-12,m093,m006-v1,,12,1
r0743,r1-12,m093,m007-v1,7.6,12,1
r0744,r1-12,m093,m008-v1,7.1,12,1
r0745,r1-12,m094,m001-v1,8.1,12,1
r0746,r1-12,m094,m002-v1,,12,1
r0747,r1-12,m094,m003-v1,8.5,12,1
r0748,r1-12,m094,m004-v1,,12,1
r0749,r1-12,m094,m005-v1,,12,1
r0750,r1-12,m094,m006-v1,,12,1
r0751,r1-12,m094,m007-v1,8.2,12,1
r0752,r1-12,m094,m008-v1,8.3,12,1
r0753,r1-12,m095,m001-v1,8.2,12,1
r0754,r1-12,m095,m002-v1,10,12,1
r0755,r1-12,m095,m003-v1,7.4,12,1
r0756,r1-12,m095,m004-v1,,12,1
r0757,r1-12,m095,m005-v1,,12,1
r0758,r1-12,m095,m006-v1,,12,1
r0759,r1-12,m095,m007-v1,7.4,12,1
r0760,r1-12,m095,m008-v1,5.9,12,1
r0761,r1-12,m096,m001-v1,8.4,12,1
r0762,r1-12,m096,m002-v1,8.2,12,1
r0763,r1-12,m096,m003-v1,8.1,12,1
r0764,r1-12,m096,m004-v1,,12,1
r0765,r1-12,m096,m005-v1,,12,1
r0766,r1-12,m096,m006-v1,,12,1
r0767,r1-12,m096,m007-v1,,12,1
r0768,r1-12,m096,m008-v1,7.6,12,1
r0769,r1-13,m097,m001-v1,8.1,13,1
r0770,r1-13,m097,m002-v1,,13,1
r0771,r1-13,m097,m003-v1,7.7,13,1
r0772,r1-13,m097,m004-v1,,13,1
r0773,r1-13,m097,m005-v1,,13,1
r0774,r1-13,m097,m006-v1,,13,1
r0775,r1-13,m097,m007-v1,8,13,1
r0776,r1-13,m097,m008-v1,7.8,13,1
r0777,r1-13,m098,m001-v1,8.1,13,1
r0778,r1-13,m098,m002-v1,,13,1
r0779,r1-13,m098,m003-v1,8.2,13,1
r0780,r1-13,m098,m004-v1,,13,1
r0781,r1-13,m098,m005-v1,,13,1
r0782,r1-13,m098,m006-v1,,13,1
r0783,r1-13,m098,m007-v1,8.2,13,1
r0784,r1-13,m098,m008-v1,8,13,1
r0785,r1-13,m099,m001-v1,8.2,13,1
r0786,r1-13,m099,m002-v1,,13,1
r0787,r1-13,m099,m003-v1,8.2,13,1
r0788,r1-13,m099,m004-v1,,13,1
r0789,r1-13,m099,m005-v1,,13,1
r0790,r1-13,m099,m006-v1,,13,1
r0791,r1-13,m099,m007-v1,8.3,13,1
r0792,r1-13,m099,m008-v1,8.5,13,1
r0793,r1-13,m100,m001-v1,7.4,13,1
r0794,r1-13,m100,m002-v1,,13,1
r0795,r1-13,m100,m003-v1,8.1,13,1
r0796,r1-13,m100,m004-v1,,13,1
r0797,r1-13,m100,m005-v1,,13,1
r0798,r1-13,m100,m006-v1,,13,1
r0799,r1-13,m100,m007-v1,7.5,13,1
r0800,r1-13,m100,m008-v1,,13,1
r0801,r1-13,m101,m001-v1,8.2,13,1
r0802,r1-13,m101,m002-v1,,13,1
r0803,r1-13,m101,m003-v1,7.9,13,1
r0804,r1-13,m101,m004-v1,,13,1
r0805,r1-13,m101,m005-v1,,13,1
r0806,r1-13,m101,m006-v1,,13,1
r0807,r1-13,m101,m007-v1,8.4,13,1
r0808,r1-13,m101,m008-v1,8.5,13,1
r0809,r1-13,m102,m001-v1,7.7,13,1
r0810,r1-13,m102,m002-v1,,13,1
r0811,r1-13,m102,m003-v1,8.2,13,1
r0812,r1-13,m102,m004-v1,,13,1
r0813,r1-13,m102,m005-v1,,13,1
r0814,r1-13,m102,m006-v1,,13,1
r0815,r1-13,m102,m007-v1,9,13,1
r0816,r1-13,m102,m008-v1,,13,1
r0817,r1-13,m103,m001-v1,6.2,13,1
r0818,r1-13,m103,m002-v1,,13,1
r0819,r1-13,m103,m003-v1,6.9,13,1
r0820,r1-13,m103,m004-v1,,13,1
r0821,r1-13,m103,m005-v1,,13,1
r0822,r1-13,m103,m006-v1,,13,1
r0823,r1-13,m103,m007-v1,,13,1
r0824,r1-13,m103,m008-v1,,13,1
r0825,r1-13,m104,m001-v1,,13,1
r0826,r1-13,m104,m002-v1,,13,1
r0827,r1-13,m104,m003-v1,7.1,13,1
r0828,r1-13,m104,m004-v1,,13,1
r0829,r1-13,m104,m005-v1,,13,1
r0830,r1-13,m104,m006-v1,,13,1
r0831,r1-13,m104,m007-v1,7.9,13,1
r0832,r1-13,m104,m008-v1,,13,1
r0833,r1-14,m105,m001-v1,,14,1
r0834,r1-14,m105,m002-v1,,14,1
r0835,r1-14,m105,m003-v1,7.7,14,1
r0836,r1-14,m105,m004-v1,,14,1
r0837,r1-14,m105,m005-v1,,14,1
r0838,r1-14,m105,m006-v1,,14,1
r0839,r1-14,m105,m007-v1,7.6,14,1
r0840,r1-14,m105,m008-v1,,14,1
r0841,r1-14,m106,m001-v1,,14,1
r0842,r1-14,m106,m002-v1,,14,1
r0843,r1-14,m106,m003-v1,7.7,14,1
r0844,r1-14,m106,m004-v1,,14,1
r0845,r1-14,m106,m005-v1,,14,1
r0846,r1-14,m106,m006-v1,,14,1
r0847,r1-14,m106,m007-v1,6.6,14,1
r0848,r1-14,m106,m008-v1,,14,1
r0849,r1-14,m107,m001-v1,7.2,14,1
r0850,r1-14,m107,m002-v1,,14,1
r0851,r1-14,m107,m003-v1,8.3,14,1
r0852,r1-14,m107,m004-v1,,14,1
r0853,r1-14,m107,m005-v1,,14,1
r0854,r1-14,m107,m006-v1,,14,1
r0855,r1-14,m107,m007-v1,8,14,1
r0856,r1-14,m107,m008-v1,8.2,14,1
r0857,r1-14,m108,m001-v1,7.8,14,1
r0858,r1-14,m108,m002-v1,,14,1
r0859,r1-14,m108,m003-v1,8,14,1
r0860,r1-14,m108,m004-v1,,14,1
r0861,r1-14,m108,m005-v1,,14,1
r0862,r1-14,m108,m006-v1,,14,1
r0863,r1-14,m108,m007-v1,8.6,14,1
r0864,r1-14,m108,m008-v1,,14,1
r0865,r1-14,m109,m001-v1,8,14,1
r0866,r1-14,m109,m002-v1,,14,1
r0867,r1-14,m109,m003-v1,7.9,14,1
r0868,r1-14,m109,m004-v1,,14,1
r0869,r1-14,m109,m005-v1,,14,1
r0870,r1-14,m109,m006-v1,,14,1
r0871,r1-14,m109,m007-v1,7.9,14,1
r0872,r1-14,m109,m008-v1,8.1,14,1
r0873,r1-14,m110,m001-v1,7.2,14,1
r0874,r1-14,m110,m002-v1,,14,1
r0875,r1-14,m110,m003-v1,7.6,14,1
r0876,r1-14,m110,m004-v1,,14,1
r0877,r1-14,m110,m005-v1,,14,1
r0878,r1-14,m110,m006-v1,,14,1
r0879,r1-14,m110,m007-v1,7.7,14,1
r0880,r1-14,m110,m008-v1,7.3,14,1
r0881,r1-14,m111,m001-v1,8.2,14,1
r0882,r1-14,m111,m002-v1,,14,1
r0883,r1-14,m111,m003-v1,7.7,14,1
r0884,r1-14,m111,m004-v1,,14,1
r0885,r1-14,m111,m005-v1,,14,1
r0886,r1-14,m111,m006-v1,,14,1
r0887,r1-14,m111,m007-v1,7.8,14,1
r0888,r1-14,m111,m008-v1,8.1,14,1
r0889,r1-14,m112,m001-v1,7.1,14,1
r0890,r1-14,m112,m002-v1,,14,1
r0891,r1-14,m112,m003-v1,7.3,14,1
r0892,r1-14,m112,m004-v1,,14,1
r0893,r1-14,m112,m005-v1,,14,1
r0894,r1-14,m112,m006-v1,,14,1
r0895,r1-14,m112,m007-v1,7.6,14,1
r0896,r1-14,m112,m008-v1,,14,1
r0897,r1-15,m113,m001-v1,,15,1
r0898,r1-15,m113,m002-v1,,15,1
r0899,r1-15,m113,m003-v1,7.9,15,1
r0900,r1-15,m113,m004-v1,,15,1
r0901,r1-15,m113,m005-v1,,15,1
r0902,r1-15,m113,m006-v1,,15,1
r0903,r1-15,m113,m007-v1,7.6,15,1
r0904,r1-15,m113,m008-v1,,15,1
r0905,r1-15,m114,m001-v1,,15,1
r0906,r1-15,m114,m002-v1,,15,1
r0907,r1-15,m114,m003-v1,7,15,1
r0908,r1-15,m114,m004-v1,,15,1
r0909,r1-15,m114,m005-v1,,15,1
r0910,r1-15,m114,m006-v1,,15,1
r0911,r1-15,m114,m007-v1,7.4,15,1
r0912,r1-15,m114,m008-v1,,15,1
r0913,r1-15,m115,m001-v1,,15,1
r0914,r1-15,m115,m002-v1,,15,1
r0915,r1-15,m115,m003-v1,8.1,15,1
r0916,r1-15,m115,m004-v1,,15,1
r0917,r1-15,m115,m005-v1,,15,1
r0918,r1-15,m115,m006-v1,,15,1
r0919,r1-15,m115,m007-v1,8.4,15,1
r0920,r1-15,m115,m008-v1,8.2,15,1
r0921,r1-15,m116,m001-v1,7.1,15,1
r0922,r1-15,m116,m002-v1,,15,1
r0923,r1-15,m116,m003-v1,,15,1
r0924,r1-15,m116,m004-v1,,15,1
r0925,r1-15,m116,m005-v1,,15,1
r0926,r1-15,m116,m006-v1,,15,1
r0927,r1-15,m116,m007-v1,7.5,15,1
r0928,r1-15,m116,m008-v1,,15,1
r0929,r1-15,m117,m001-v1,7.8,15,1
r0930,r1-15,m117,m002-v1,,15,1
r0931,r1-15,m117,m003-v1,7.7,15,1
r0932,r1-15,m117,m004-v1,,15,1
r0933,r1-15,m117,m005-v1,,15,1
r0934,r1-15,m117,m006-v1,,15,1
r0935,r1-15,m117,m007-v1,7.8,15,1
r0936,r1-15,m117,m008-v1,7.4,15,1
r0937,r1-15,m118,m001-v1,6.2,15,1
r0938,r1-15,m118,m002-v1,,15,1
r0939,r1-15,m118,m003-v1,7,15,1
r0940,r1-15,m118,m004-v1,,15,1
r0941,r1-15,m118,m005-v1,,15,1
r0942,r1-15,m118,m006-v1,,15,1
r0943,r1-15,m118,m007-v1,,15,1
r0944,r1-15,m118,m008-v1,,15,1
r0945,r1-15,m119,m001-v1,,15,1
r0946,r1-15,m119,m002-v1,,15,1
r0947,r1-15,m119,m003-v1,7.4,15,1
r0948,r1-15,m119,m004-v1,,15,1
r0949,r1-15,m119,m005-v1,,15,1
r0950,r1-15,m119,m006-v1,,15,1
r0951,r1-15,m119,m007-v1,,15,1
r0952,r1-15,m119,m008-v1,,15,1
r0953,r1-15,m120,m001-v1,,15,1
r0954,r1-15,m120,m002-v1,,15,1
r0955,r1-15,m120,m003-v1,5.2,15,1
r0956,r1-15,m120,m004-v1,,15,1
r0957,r1-15,m120,m005-v1,,15,1
r0958,r1-15,m120,m006-v1,,15,1
r0959,r1-15,m120,m007-v1,6.3,15,1
r0960,r1-15,m120,m008-v1,,15,1
r0961,r1-16,m121,m001-v1,8.1,16,1
r0962,r1-16,m121,m002-v1,,16,1
r0963,r1-16,m121,m003-v1,8.2,16,1
r0964,r1-16,m121,m004-v1,,16,1
r0965,r1-16,m121,m005-v1,,16,1
r0966,r1-16,m121,m006-v1,,16,1
r0967,r1-16,m121,m007-v1,8.2,16,1
r0968,r1-16,m121,m008-v1,8,16,1
r0969,r1-16,m122,m001-v1,,16,1
r0970,r1-16,m122,m002-v1,,16,1
r0971,r1-16,m122,m003-v1,6.4,16,1
r0972,r1-16,m122,m004-v1,,16,1
r0973,r1-16,m122,m005-v1,,16,1
r0974,r1-16,m122,m006-v1,,16,1
r0975,r1-16,m122,m007-v1,6.8,16,1
r0976,r1-16,m122,m008-v1,6.5,16,1
r0977,r1-16,m123,m001-v1,,16,1
r0978,r1-16,m123,m002-v1,,16,1
r0979,r1-16,m123,m003-v1,,16,1
r0980,r1-16,m123,m004-v1,,16,1
r0981,r1-16,m123,m005-v1,,16,1
r0982,r1-16,m123,m006-v1,,16,1
r0983,r1-16,m123,m007-v1,,16,1
r0984,r1-16,m123,m008-v1,,16,1
r0985,r1-16,m124,m001-v1,7.9,16,1
r0986,r1-16,m124,m002-v1,,16,1
r0987,r1-16,m124,m003-v1,8.1,16,1
r0988,r1-16,m124,m004-v1,,16,1
r0989,r1-16,m124,m005-v1,,16,1
r0990,r1-16,m124,m006-v1,,16,1
r0991,r1-16,m124,m007-v1,8.5,16,1
r0992,r1-16,m124,m008-v1,,16,1
r0993,r1-16,m125,m001-v1,6.8,16,1
r0994,r1-16,m125,m002-v1,,16,1
r0995,r1-16,m125,m003-v1,7.2,16,1
r0996,r1-16,m125,m004-v1,,16,1
r0997,r1-16,m125,m005-v1,,16,1
r0998,r1-16,m125,m006-v1,,16,1
r0999,r1-16,m125,m007-v1,6.9,16,1
r1000,r1-16,m125,m008-v1,7.3,16,1
r1001,r1-16,m126,m001-v1,7.2,16,1
r1002,r1-16,m126,m002-v1,,16,1
r1003,r1-16,m126,m003-v1,6.3,16,1
r1004,r1-16,m126,m004-v1,,16,1
r1005,r1-16,m126,m005-v1,,16,1
r1006,r1-16,m126,m006-v1,,16,1
r1007,r1-16,m126,m007-v1,8.6,16,1
r1008,r1-16,m126,m008-v1,,16,1
r1009,r1-16,m127,m001-v1,,16,1
r1010,r1-16,m127,m002-v1,,16,1
r1011,r1-16,m127,m003-v1,3.2,16,1
r1012,r1-16,m127,m004-v1,,16,1
r1013,r1-16,m127,m005-v1,,16,1
r1014,r1-16,m127,m006-v1,,16,1
r1015,r1-16,m127,m007-v1,,16,1
r1016,r1-16,m127,m008-v1,,16,1
r1017,r1-16,m128,m001-v1,6.1,16,1
r1018,r1-16,m128,m002-v1,,16,1
r1019,r1-16,m128,m003-v1,7.7,16,1
r1020,r1-16,m128,m004-v1,,16,1
r1021,r1-16,m128,m005-v1,,16,1
r1022,r1-16,m128,m006-v1,,16,1
r1023,r1-16,m128,m007-v1,7.5,16,1
r1024,r1-16,m128,m008-v1,,16,1
r1025,r1-17,m129,m001-v1,,17,1
r1026,r1-17,m129,m002-v1,,17,1
r1027,r1-17,m129,m003-v1,5.6,17,1
r1028,r1-17,m129,m004-v1,,17,1
r1029,r1-17,m129,m005-v1,,17,1
r1030,r1-17,m129,m006-v1,,17,1
r1031,r1-17,m129,m007-v1,5.9,17,1
r1032,r1-17,m129,m008-v1,,17,1
r1033,r1-17,m130,m001-v1,,17,1
r1034,r1-17,m130,m002-v1,,17,1
r1035,r1-17,m130,m003-v1,8.3,17,1
r1036,r1-17,m130,m004-v1,,17,1
r1037,r1-17,m130,m005-v1,,17,1
r1038,r1-17,m130,m006-v1,,17,1
r1039,r1-17,m130,m007-v1,8.6,17,1
r1040,r1-17,m130,m008-v1,8.3,17,1
r1041,r1-17,m131,m001-v1,,17,1
r1042,r1-17,m131,m002-v1,,17,1
r1043,r1-17,m131,m003-v1,8.7,17,1
r1044,r1-17,m131,m004-v1,,17,1
r1045,r1-17,m131,m005-v1,,17,1
r1046,r1-17,m131,m006-v1,,17,1
r1047,r1-17,m131,m007-v1,8.1,17,1
r1048,r1-17,m131,m008-v1,8.3,17,1
r1049,r1-17,m132,m001-v1,,17,1
r1050,r1-17,m132,m002-v1,,17,1
r1051,r1-17,m132,m003-v1,7.3,17,1
r1052,r1-17,m132,m004-v1,,17,1
r1053,r1-17,m132,m005-v1,,17,1
r1054,r1-17,m132,m006-v1,,17,1
r1055,r1-17,m132,m007-v1,6.6,17,1
r1056,r1-17,m132,m008-v1,7.4,17,1
r1057,r1-17,m133,m001-v1,,17,1
r1058,r1-17,m133,m002-v1,,17,1
r1059,r1-17,m133,m003-v1,6.9,17,1
r1060,r1-17,m133,m004-v1,,17,1
r1061,r1-17,m133,m005-v1,,17,1
r1062,r1-17,m133,m006-v1,,17,1
r1063,r1-17,m133,m007-v1,7.6,17,1
r1064,r1-17,m133,m008-v1,,17,1
r1065,r1-17,m134,m001-v1,,17,1
r1066,r1-17,m134,m002-v1,,17,1
r1067,r1-17,m134,m003-v1,8.4,17,1
r1068,r1-17,m134,m004-v1,,17,1
r1069,r1-17,m134,m005-v1,,17,1
r1070,r1-17,m134,m006-v1,,17,1
r1071,r1-17,m134,m007-v1,8.3,17,1
r1072,r1-17,m134,m008-v1,,17,1
r1073,r1-17,m135,m001-v1,,17,1
r1074,r1-17,m135,m002-v1,,17,1
r1075,r1-17,m135,m003-v1,,17,1
r1076,r1-17,m135,m004-v1,,17,1
r1077,r1-17,m135,m005-v1,,17,1
r1078,r1-17,m135,m006-v1,,17,1
r1079,r1-17,m135,m007-v1,8.4,17,1
r1080,r1-17,m135,m008-v1,8.2,17,1
r1081,r1-17,m136,m001-v1,7.8,17,1
r1082,r1-17,m136,m002-v1,,17,1
r1083,r1-17,m136,m003-v1,,17,1
r1084,r1-17,m136,m004-v1,,17,1
r1085,r1-17,m136,m005-v1,,17,1
r1086,r1-17,m136,m006-v1,,17,1
r1087,r1-17,m136,m007-v1,8.3,17,1
r1088,r1-17,m136,m008-v1,8,17,1
r1089,r1-18,m137,m001-v1,8,18,1
r1090,r1-18,m137,m002-v1,,18,1
r1091,r1-18,m137,m003-v1,8.5,18,1
r1092,r1-18,m137,m004-v1,9,18,1
r1093,r1-18,m137,m005-v1,,18,1
r1094,r1-18,m137,m006-v1,,18,1
r1095,r1-18,m137,m007-v1,8.5,18,1
r1096,r1-18,m137,m008-v1,,18,1
r1097,r1-18,m138,m001-v1,6.5,18,1
r1098,r1-18,m138,m002-v1,,18,1
r1099,r1-18,m138,m003-v1,8.2,18,1
r1100,r1-18,m138,m004-v1,8,18,1
r1101,r1-18,m138,m005-v1,,18,1
r1102,r1-18,m138,m006-v1,,18,1
r1103,r1-18,m138,m007-v1,8.7,18,1
r1104,r1-18,m138,m008-v1,,18,1
r1105,r1-18,m139,m001-v1,,18,1
r1106,r1-18,m139,m002-v1,,18,1
r1107,r1-18,m139,m003-v1,8.3,18,1
r1108,r1-18,m139,m004-v1,,18,1
r1109,r1-18,m139,m005-v1,,18,1
r1110,r1-18,m139,m006-v1,,18,1
r1111,r1-18,m139,m007-v1,8.5,18,1
r1112,r1-18,m139,m008-v1,8.3,18,1
r1113,r1-18,m140,m001-v1,8.6,18,1
r1114,r1-18,m140,m002-v1,,18,1
r1115,r1-18,m140,m003-v1,9.2,18,1
r1116,r1-18,m140,m004-v1,,18,1
r1117,r1-18,m140,m005-v1,,18,1
r1118,r1-18,m140,m006-v1,,18,1
r1119,r1-18,m140,m007-v1,8.7,18,1
r1120,r1-18,m140,m008-v1,,18,1
r1121,r1-18,m141,m001-v1,7.9,18,1
r1122,r1-18,m141,m002-v1,,18,1
r1123,r1-18,m141,m003-v1,8.1,18,1
r1124,r1-18,m141,m004-v1,,18,1
r1125,r1-18,m141,m005-v1,,18,1
r1126,r1-18,m141,m006-v1,,18,1
r1127,r1-18,m141,m007-v1,8.1,18,1
r1128,r1-18,m141,m008-v1,,18,1
r1129,r1-18,m142,m001-v1,6.9,18,1
r1130,r1-18,m142,m002-v1,,18,1
r1131,r1-18,m142,m003-v1,6.5,18,1
r1132,r1-18,m142,m004-v1,,18,1
r1133,r1-18,m142,m005-v1,,18,1
r1134,r1-18,m142,m006-v1,,18,1
r1135,r1-18,m142,m007-v1,7.9,18,1
r1136,r1-18,m142,m008-v1,7.3,18,1
r1137,r1-18,m143,m001-v1,,18,1
r1138,r1-18,m143,m002-v1,,18,1
r1139,r1-18,m143,m003-v1,8.3,18,1
r1140,r1-18,m143,m004-v1,,18,1
r1141,r1-18,m143,m005-v1,,18,1
r1142,r1-18,m143,m006-v1,,18,1
r1143,r1-18,m143,m007-v1,7.8,18,1
r1144,r1-18,m143,m008-v1,7.9,18,1
r1145,r1-18,m144,m001-v1,7.5,18,1
r1146,r1-18,m144,m002-v1,,18,1
r1147,r1-18,m144,m003-v1,9.1,18,1
r1148,r1-18,m144,m004-v1,,18,1
r1149,r1-18,m144,m005-v1,,18,1
r1150,r1-18,m144,m006-v1,,18,1
r1151,r1-18,m144,m007-v1,,18,1
r1152,r1-18,m144,m008-v1,,18,1
r1153,r1-19,m145,m001-v1,6.9,19,1
r1154,r1-19,m145,m002-v1,,19,1
r1155,r1-19,m145,m003-v1,7.6,19,1
r1156,r1-19,m145,m004-v1,,19,1
r1157,r1-19,m145,m005-v1,,19,1
r1158,r1-19,m145,m006-v1,,19,1
r1159,r1-19,m145,m007-v1,,19,1
r1160,r1-19,m145,m008-v1,,19,1
r1161,r1-19,m146,m001-v1,,19,1
r1162,r1-19,m146,m002-v1,,19,1
r1163,r1-19,m146,m003-v1,7.9,19,1
r1164,r1-19,m146,m004-v1,,19,1
r1165,r1-19,m146,m005-v1,,19,1
r1166,r1-19,m146,m006-v1,,19,1
r1167,r1-19,m146,m007-v1,8.1,19,1
r1168,r1-19,m146,m008-v1,,19,1
r1169,r1-19,m147,m001-v1,,19,1
r1170,r1-19,m147,m002-v1,,19,1
r1171,r1-19,m147,m003-v1,7.7,19,1
r1172,r1-19,m147,m004-v1,,19,1
r1173,r1-19,m147,m005-v1,,19,1
r1174,r1-19,m147,m006-v1,,19,1
r1175,r1-19,m147,m007-v1,7.6,19,1
r1176,r1-19,m147,m008-v1,,19,1
r1177,r1-19,m148,m001-v1,,19,1
r1178,r1-19,m148,m002-v1,,19,1
r1179,r1-19,m148,m003-v1,8.1,19,1
r1180,r1-19,m148,m004-v1,,19,1
r1181,r1-19,m148,m005-v1,,19,1
r1182,r1-19,m148,m006-v1,,19,1
r1183,r1-19,m148,m007-v1,8.4,19,1
r1184,r1-19,m148,m008-v1,,19,1
r1185,r1-19,m149,m001-v1,7.1,19,1
r1186,r1-19,m149,m002-v1,,19,1
r1187,r1-19,m149,m003-v1,,19,1
r1188,r1-19,m149,m004-v1,,19,1
r1189,r1-19,m149,m005-v1,,19,1
r1190,r1-19,m149,m006-v1,,19,1
r1191,r1-19,m149,m007-v1,,19,1
r1192,r1-19,m149,m008-v1,,19,1
r1193,r1-19,m150,m001-v1,7.8,19,1
r1194,r1-19,m150,m002-v1,,19,1
r1195,r1-19,m150,m003-v1,8,19,1
r1196,r1-19,m150,m004-v1,,19,1
r1197,r1-19,m150,m005-v1,,19,1
r1198,r1-19,m150,m006-v1,,19,1
r1199,r1-19,m150,m007-v1,,19,1
r1200,r1-19,m150,m008-v1,,19,1
r1201,r1-19,m151,m001-v1,7.3,19,1
r1202,r1-19,m151,m002-v1,,19,1
r1203,r1-19,m151,m003-v1,,19,1
r1204,r1-19,m151,m004-v1,,19,1
r1205,r1-19,m151,m005-v1,,19,1
r1206,r1-19,m151,m006-v1,,19,1
r1207,r1-19,m151,m007-v1,8.1,19,1
r1208,r1-19,m151,m008-v1,,19,1
r1209,r1-19,m152,m001-v1,7.9,19,1
r1210,r1-19,m152,m002-v1,,19,1
r1211,r1-19,m152,m003-v1,8.3,19,1
r1212,r1-19,m152,m004-v1,,19,1
r1213,r1-19,m152,m005-v1,,19,1
r1214,r1-19,m152,m006-v1,,19,1
r1215,r1-19,m152,m007-v1,7.6,19,1
r1216,r1-19,m152,m008-v1,,19,1
r1217,r1-20,m153,m001-v1,,20,1
r1218,r1-20,m153,m002-v1,,20,1
r1219,r1-20,m153,m003-v1,8.4,20,1
r1220,r1-20,m153,m004-v1,,20,1
r1221,r1-20,m153,m005-v1,,20,1
r1222,r1-20,m153,m006-v1,,20,1
r1223,r1-20,m153,m007-v1,8.2,20,1
r1224,r1-20,m153,m008-v1,8.5,20,1
r1225,r1-20,m154,m001-v1,5.2,20,1
r1226,r1-20,m154,m002-v1,,20,1
r1227,r1-20,m154,m003-v1,4.2,20,1
r1228,r1-20,m154,m004-v1,6,20,1
r1229,r1-20,m154,m005-v1,,20,1
r1230,r1-20,m154,m006-v1,,20,1
r1231,r1-20,m154,m007-v1,,20,1
r1232,r1-20,m154,m008-v1,,20,1
r1233,r1-20,m155,m001-v1,8.3,20,1
r1234,r1-20,m155,m002-v1,,20,1
r1235,r1-20,m155,m003-v1,8.7,20,1
r1236,r1-20,m155,m004-v1,,20,1
r1237,r1-20,m155,m005-v1,,20,1
r1238,r1-20,m155,m006-v1,,20,1
r1239,r1-20,m155,m007-v1,,20,1
r1240,r1-20,m155,m008-v1,,20,1
r1241,r1-20,m156,m001-v1,7.6,20,1
r1242,r1-20,m156,m002-v1,,20,1
r1243,r1-20,m156,m003-v1,7.1,20,1
r1244,r1-20,m156,m004-v1,,20,1
r1245,r1-20,m156,m005-v1,,20,1
r1246,r1-20,m156,m006-v1,,20,1
r1247,r1-20,m156,m007-v1,6.4,20,1
r1248,r1-20,m156,m008-v1,,20,1
r1249,r1-20,m157,m001-v1,,20,1
r1250,r1-20,m157,m002-v1,,20,1
r1251,r1-20,m157,m003-v1,8.4,20,1
r1252,r1-20,m157,m004-v1,,20,1
r1253,r1-20,m157,m005-v1,,20,1
r1254,r1-20,m157,m006-v1,,20,1
r1255,r1-20,m157,m007-v1,,20,1
r1256,r1-20,m157,m008-v1,,20,1
r1257,r1-20,m158,m001-v1,,20,1
r1258,r1-20,m158,m002-v1,,20,1
r1259,r1-20,m158,m003-v1,6,20,1
r1260,r1-20,m158,m004-v1,,20,1
r1261,r1-20,m158,m005-v1,,20,1
r1262,r1-20,m158,m006-v1,,20,1
r1263,r1-20,m158,m007-v1,7.5,20,1
r1264,r1-20,m158,m008-v1,,20,1
r1265,r1-20,m159,m001-v1,,20,1
r1266,r1-20,m159,m002-v1,,20,1
r1267,r1-20,m159,m003-v1,8.3,20,1
r1268,r1-20,m159,m004-v1,9,20,1
r1269,r1-20,m159,m005-v1,,20,1
r1270,r1-20,m159,m006-v1,,20,1
r1271,r1-20,m159,m007-v1,7.8,20,1
r1272,r1-20,m159,m008-v1,,20,1
r1273,r1-20,m160,m001-v1,,20,1
r1274,r1-20,m160,m002-v1,,20,1
r1275,r1-20,m160,m003-v1,7.3,20,1
r1276,r1-20,m160,m004-v1,8,20,1
r1277,r1-20,m160,m005-v1,,20,1
r1278,r1-20,m160,m006-v1,,20,1
r1279,r1-20,m160,m007-v1,8.4,20,1
r1280,r1-20,m160,m008-v1,8.2,20,1
r1281,r2-1,m161,m001-v2,8.4,1,2
r1282,r2-1,m161,m002-v2,9,1,2
r1283,r2-1,m161,m003-v2,7.5,1,2
r1284,r2-1,m161,m004-v2,9.5,1,2
r1285,r2-1,m161,m005-v2,,1,2
r1286,r2-1,m161,m006-v2,,1,2
r1287,r2-1,m161,m007-v2,7.5,1,2
r1288,r2-1,m161,m008-v2,8.8,1,2
r1289,r2-1,m162,m001-v2,6.9,1,2
r1290,r2-1,m162,m002-v2,6.7,1,2
r1291,r2-1,m162,m003-v2,5.5,1,2
r1292,r2-1,m162,m004-v2,10,1,2
r1293,r2-1,m162,m005-v2,,1,2
r1294,r2-1,m162,m006-v2,6.3,1,2
r1295,r2-1,m162,m007-v2,5.8,1,2
r1296,r2-1,m162,m008-v2,6.3,1,2
r1297,r2-1,m163,m001-v2,7.4,1,2
r1298,r2-1,m163,m002-v2,6,1,2
r1299,r2-1,m163,m003-v2,6,1,2
r1300,r2-1,m163,m004-v2,6.5,1,2
r1301,r2-1,m163,m005-v2,,1,2
r1302,r2-1,m163,m006-v2,,1,2
r1303,r2-1,m163,m007-v2,6.8,1,2
r1304,r2-1,m163,m008-v2,7.1,1,2
r1305,r2-1,m164,m001-v2,7.7,1,2
r1306,r2-1,m164,m002-v2,7.4,1,2
r1307,r2-1,m164,m003-v2,7.5,1,2
r1308,r2-1,m164,m004-v2,9.5,1,2
r1309,r2-1,m164,m005-v2,,1,2
r1310,r2-1,m164,m006-v2,8.6,1,2
r1311,r2-1,m164,m007-v2,8.4,1,2
r1312,r2-1,m164,m008-v2,8.1,1,2
r1313,r2-1,m165,m001-v2,8.4,1,2
r1314,r2-1,m165,m002-v2,8.7,1,2
r1315,r2-1,m165,m003-v2,9,1,2
r1316,r2-1,m165,m004-v2,9.5,1,2
r1317,r2-1,m165,m005-v2,,1,2
r1318,r2-1,m165,m006-v2,,1,2
r1319,r2-1,m165,m007-v2,8.8,1,2
r1320,r2-1,m165,m008-v2,8.5,1,2
r1321,r2-1,m166,m001-v2,,1,2
r1322,r2-1,m166,m002-v2,6,1,2
r1323,r2-1,m166,m003-v2,4,1,2
r1324,r2-1,m166,m004-v2,7,1,2
r1325,r2-1,m166,m005-v2,,1,2
r1326,r2-1,m166,m006-v2,,1,2
r1327,r2-1,m166,m007-v2,5.2,1,2
r1328,r2-1,m166,m008-v2,,1,2
r1329,r2-1,m167,m001-v2,6.7,1,2
r1330,r2-1,m167,m002-v2,6.5,1,2
r1331,r2-1,m167,m003-v2,6,1,2
r1332,r2-1,m167,m004-v2,7,1,2
r1333,r2-1,m167,m005-v2,,1,2
r1334,r2-1,m167,m006-v2,7,1,2
r1335,r2-1,m167,m007-v2,5.4,1,2
r1336,r2-1,m167,m008-v2,6.2,1,2
r1337,r2-1,m168,m001-v2,7.8,1,2
r1338,r2-1,m168,m002-v2,7,1,2
r1339,r2-1,m168,m003-v2,8,1,2
r1340,r2-1,m168,m004-v2,4.5,1,2
r1341,r2-1,m168,m005-v2,,1,2
r1342,r2-1,m168,m006-v2,8.5,1,2
r1343,r2-1,m168,m007-v2,8.1,1,2
r1344,r2-1,m168,m008-v2,,1,2
r1345,r2-2,m169,m001-v2,8.1,2,2
r1346,r2-2,m169,m002-v2,8,2,2
r1347,r2-2,m169,m003-v2,8,2,2
r1348,r2-2,m169,m004-v2,9,2,2
r1349,r2-2,m169,m005-v2,,2,2
r1350,r2-2,m169,m006-v2,,2,2
r1351,r2-2,m169,m007-v2,8.3,2,2
r1352,r2-2,m169,m008-v2,8.5,2,2
r1353,r2-2,m170,m001-v2,7.4,2,2
r1354,r2-2,m170,m002-v2,7,2,2
r1355,r2-2,m170,m003-v2,7.5,2,2
r1356,r2-2,m170,m004-v2,8,2,2
r1357,r2-2,m170,m005-v2,,2,2
r1358,r2-2,m170,m006-v2,,2,2
r1359,r2-2,m170,m007-v2,8.6,2,2
r1360,r2-2,m170,m008-v2,8.1,2,2
r1361,r2-2,m171,m001-v2,8.3,2,2
r1362,r2-2,m171,m002-v2,8.4,2,2
r1363,r2-2,m171,m003-v2,7,2,2
r1364,r2-2,m171,m004-v2,3,2,2
r1365,r2-2,m171,m005-v2,,2,2
r1366,r2-2,m171,m006-v2,,2,2
r1367,r2-2,m171,m007-v2,8.4,2,2
r1368,r2-2,m171,m008-v2,8.3,2,2
r1369,r2-2,m172,m001-v2,7.7,2,2
r1370,r2-2,m172,m002-v2,8,2,2
r1371,r2-2,m172,m003-v2,8.5,2,2
r1372,r2-2,m172,m004-v2,,2,2
r1373,r2-2,m172,m005-v2,,2,2
r1374,r2-2,m172,m006-v2,,2,2
r1375,r2-2,m172,m007-v2,8.1,2,2
r1376,r2-2,m172,m008-v2,7.8,2,2
r1377,r2-2,m173,m001-v2,5.8,2,2
r1378,r2-2,m173,m002-v2,7,2,2
r1379,r2-2,m173,m003-v2,6,2,2
r1380,r2-2,m173,m004-v2,,2,2
r1381,r2-2,m173,m005-v2,,2,2
r1382,r2-2,m173,m006-v2,,2,2
r1383,r2-2,m173,m007-v2,,2,2
r1384,r2-2,m173,m008-v2,,2,2
r1385,r2-2,m174,m001-v2,5.9,2,2
r1386,r2-2,m174,m002-v2,6,2,2
r1387,r2-2,m174,m003-v2,5,2,2
r1388,r2-2,m174,m004-v2,,2,2
r1389,r2-2,m174,m005-v2,,2,2
r1390,r2-2,m174,m006-v2,,2,2
r1391,r2-2,m174,m007-v2,,2,2
r1392,r2-2,m174,m008-v2,,2,2
r1393,r2-2,m175,m001-v2,,2,2
r1394,r2-2,m175,m002-v2,7,2,2
r1395,r2-2,m175,m003-v2,7.5,2,2
r1396,r2-2,m175,m004-v2,10,2,2
r1397,r2-2,m175,m005-v2,,2,2
r1398,r2-2,m175,m006-v2,,2,2
r1399,r2-2,m175,m007-v2,6.6,2,2
r1400,r2-2,m175,m008-v2,,2,2
r1401,r2-3,m176,m001-v2,6.5,3,2
r1402,r2-3,m176,m002-v2,7.5,3,2
r1403,r2-3,m176,m003-v2,7,3,2
r1404,r2-3,m176,m004-v2,9.5,3,2
r1405,r2-3,m176,m005-v2,,3,2
r1406,r2-3,m176,m006-v2,,3,2
r1407,r2-3,m176,m007-v2,6.9,3,2
r1408,r2-3,m176,m008-v2,6.8,3,2
r1409,r2-3,m177,m001-v2,8.2,3,2
r1410,r2-3,m177,m002-v2,8,3,2
r1411,r2-3,m177,m003-v2,8.5,3,2
r1412,r2-3,m177,m004-v2,6.5,3,2
r1413,r2-3,m177,m005-v2,,3,2
r1414,r2-3,m177,m006-v2,,3,2
r1415,r2-3,m177,m007-v2,8.7,3,2
r1416,r2-3,m177,m008-v2,8.2,3,2
r1417,r2-3,m178,m001-v2,9.1,3,2
r1418,r2-3,m178,m002-v2,9,3,2
r1419,r2-3,m178,m003-v2,9,3,2
r1420,r2-3,m178,m004-v2,8.5,3,2
r1421,r2-3,m178,m005-v2,,3,2
r1422,r2-3,m178,m006-v2,,3,2
r1423,r2-3,m178,m007-v2,8.7,3,2
r1424,r2-3,m178,m008-v2,9,3,2
r1425,r2-3,m179,m001-v2,7.9,3,2
r1426,r2-3,m179,m002-v2,7.5,3,2
r1427,r2-3,m179,m003-v2,7.5,3,2
r1428,r2-3,m179,m004-v2,10,3,2
r1429,r2-3,m179,m005-v2,,3,2
r1430,r2-3,m179,m006-v2,,3,2
r1431,r2-3,m179,m007-v2,8.2,3,2
r1432,r2-3,m179,m008-v2,7.3,3,2
r1433,r2-3,m180,m001-v2,9.3,3,2
r1434,r2-3,m180,m002-v2,8.5,3,2
r1435,r2-3,m180,m003-v2,9.5,3,2
r1436,r2-3,m180,m004-v2,10,3,2
r1437,r2-3,m180,m005-v2,,3,2
r1438,r2-3,m180,m006-v2,,3,2
r1439,r2-3,m180,m007-v2,8.6,3,2
r1440,r2-3,m180,m008-v2,9,3,2
r1441,r2-3,m181,m001-v2,7.4,3,2
r1442,r2-3,m181,m002-v2,8.5,3,2
r1443,r2-3,m181,m003-v2,7.5,3,2
r1444,r2-3,m181,m004-v2,8.5,3,2
r1445,r2-3,m181,m005-v2,,3,2
r1446,r2-3,m181,m006-v2,,3,2
r1447,r2-3,m181,m007-v2,7.6,3,2
r1448,r2-3,m181,m008-v2,7.3,3,2
r1449,r2-4,m182,m001-v2,9.1,4,2
r1450,r2-4,m182,m002-v2,8.5,4,2
r1451,r2-4,m182,m003-v2,9.5,4,2
r1452,r2-4,m182,m004-v2,10,4,2
r1453,r2-4,m182,m005-v2,,4,2
r1454,r2-4,m182,m006-v2,,4,2
r1455,r2-4,m182,m007-v2,,4,2
r1456,r2-4,m182,m008-v2,,4,2
r1457,r2-4,m183,m001-v2,6.8,4,2
r1458,r2-4,m183,m002-v2,8.2,4,2
r1459,r2-4,m183,m003-v2,7.5,4,2
r1460,r2-4,m183,m004-v2,,4,2
r1461,r2-4,m183,m005-v2,,4,2
r1462,r2-4,m183,m006-v2,,4,2
r1463,r2-4,m183,m007-v2,6.9,4,2
r1464,r2-4,m183,m008-v2,6.7,4,2
r1465,r2-4,m184,m001-v2,8.3,4,2
r1466,r2-4,m184,m002-v2,,4,2
r1467,r2-4,m184,m003-v2,7.5,4,2
r1468,r2-4,m184,m004-v2,6.5,4,2
r1469,r2-4,m184,m005-v2,,4,2
r1470,r2-4,m184,m006-v2,,4,2
r1471,r2-4,m184,m007-v2,8.5,4,2
r1472,r2-4,m184,m008-v2,8.3,4,2
r1473,r2-4,m185,m001-v2,6.5,4,2
r1474,r2-4,m185,m002-v2,6,4,2
r1475,r2-4,m185,m003-v2,6,4,2
r1476,r2-4,m185,m004-v2,,4,2
r1477,r2-4,m185,m005-v2,,4,2
r1478,r2-4,m185,m006-v2,,4,2
r1479,r2-4,m185,m007-v2,,4,2
r1480,r2-4,m185,m008-v2,7.2,4,2
r1481,r2-4,m186,m001-v2,,4,2
r1482,r2-4,m186,m002-v2,7.5,4,2
r1483,r2-4,m186,m003-v2,8.5,4,2
r1484,r2-4,m186,m004-v2,,4,2
r1485,r2-4,m186,m005-v2,,4,2
r1486,r2-4,m186,m006-v2,,4,2
r1487,r2-4,m186,m007-v2,7.7,4,2
r1488,r2-4,m186,m008-v2,,4,2
r1489,r2-4,m187,m001-v2,7.8,4,2
r1490,r2-4,m187,m002-v2,7,4,2
r1491,r2-4,m187,m003-v2,7,4,2
r1492,r2-4,m187,m004-v2,8.5,4,2
r1493,r2-4,m187,m005-v2,,4,2
r1494,r2-4,m187,m006-v2,,4,2
r1495,r2-4,m187,m007-v2,8.2,4,2
r1496,r2-4,m187,m008-v2,7.9,4,2
r1497,r2-5,m188,m001-v2,6.9,5,2
r1498,r2-5,m188,m002-v2,8.5,5,2
r1499,r2-5,m188,m003-v2,6,5,2
r1500,r2-5,m188,m004-v2,,5,2
r1501,r2-5,m188,m005-v2,,5,2
r1502,r2-5,m188,m006-v2,,5,2
r1503,r2-5,m188,m007-v2,9,5,2
r1504,r2-5,m188,m008-v2,8.7,5,2
r1505,r2-5,m189,m001-v2,7.2,5,2
r1506,r2-5,m189,m002-v2,,5,2
r1507,r2-5,m189,m003-v2,7,5,2
r1508,r2-5,m189,m004-v2,8.5,5,2
r1509,r2-5,m189,m005-v2,,5,2
r1510,r2-5,m189,m006-v2,,5,2
r1511,r2-5,m189,m007-v2,6.8,5,2
r1512,r2-5,m189,m008-v2,7.1,5,2
r1513,r2-5,m190,m001-v2,6.3,5,2
r1514,r2-5,m190,m002-v2,8,5,2
r1515,r2-5,m190,m003-v2,7.5,5,2
r1516,r2-5,m190,m004-v2,2.5,5,2
r1517,r2-5,m190,m005-v2,,5,2
r1518,r2-5,m190,m006-v2,,5,2
r1519,r2-5,m190,m007-v2,5.8,5,2
r1520,r2-5,m190,m008-v2,,5,2
r1521,r2-5,m191,m001-v2,8,5,2
r1522,r2-5,m191,m002-v2,8.3,5,2
r1523,r2-5,m191,m003-v2,8.5,5,2
r1524,r2-5,m191,m004-v2,6.5,5,2
r1525,r2-5,m191,m005-v2,,5,2
r1526,r2-5,m191,m006-v2,,5,2
r1527,r2-5,m191,m007-v2,8.3,5,2
r1528,r2-5,m191,m008-v2,,5,2
r1529,r2-5,m192,m001-v2,,5,2
r1530,r2-5,m192,m002-v2,8.5,5,2
r1531,r2-5,m192,m003-v2,8.5,5,2
r1532,r2-5,m192,m004-v2,,5,2
r1533,r2-5,m192,m005-v2,,5,2
r1534,r2-5,m192,m006-v2,,5,2
r1535,r2-5,m192,m007-v2,8.7,5,2
r1536,r2-5,m192,m008-v2,9.2,5,2
r1537,r2-5,m193,m001-v2,6.5,5,2
r1538,r2-5,m193,m002-v2,6,5,2
r1539,r2-5,m193,m003-v2,6,5,2
r1540,r2-5,m193,m004-v2,,5,2
r1541,r2-5,m193,m005-v2,,5,2
r1542,r2-5,m193,m006-v2,,5,2
r1543,r2-5,m193,m007-v2,6.4,5,2
r1544,r2-5,m193,m008-v2,7.3,5,2
r1545,r2-6,m194,m001-v2,8.5,6,2
r1546,r2-6,m194,m002-v2,,6,2
r1547,r2-6,m194,m003-v2,,6,2
r1548,r2-6,m194,m004-v2,,6,2
r1549,r2-6,m194,m005-v2,,6,2
r1550,r2-6,m194,m006-v2,,6,2
r1551,r2-6,m194,m007-v2,8.3,6,2
r1552,r2-6,m194,m008-v2,8.2,6,2
r1553,r2-6,m195,m001-v2,7,6,2
r1554,r2-6,m195,m002-v2,,6,2
r1555,r2-6,m195,m003-v2,,6,2
r1556,r2-6,m195,m004-v2,9,6,2
r1557,r2-6,m195,m005-v2,,6,2
r1558,r2-6,m195,m006-v2,,6,2
r1559,r2-6,m195,m007-v2,,6,2
r1560,r2-6,m195,m008-v2,,6,2
r1561,r2-6,m196,m001-v2,,6,2
r1562,r2-6,m196,m002-v2,,6,2
r1563,r2-6,m196,m003-v2,,6,2
r1564,r2-6,m196,m004-v2,7.5,6,2
r1565,r2-6,m196,m005-v2,,6,2
r1566,r2-6,m196,m006-v2,,6,2
r1567,r2-6,m196,m007-v2,6.6,6,2
r1568,r2-6,m196,m008-v2,,6,2
r1569,r2-6,m197,m001-v2,,6,2
r1570,r2-6,m197,m002-v2,,6,2
r1571,r2-6,m197,m003-v2,,6,2
r1572,r2-6,m197,m004-v2,,6,2
r1573,r2-6,m197,m005-v2,,6,2
r1574,r2-6,m197,m006-v2,,6,2
r1575,r2-6,m197,m007-v2,,6,2
r1576,r2-6,m197,m008-v2,,6,2
r1577,r2-6,m198,m001-v2,,6,2
r1578,r2-6,m198,m002-v2,,6,2
r1579,r2-6,m198,m003-v2,,6,2
r1580,r2-6,m198,m004-v2,,6,2
r1581,r2-6,m198,m005-v2,,6,2
r1582,r2-6,m198,m006-v2,,6,2
r1583,r2-6,m198,m007-v2,,6,2
r1584,r2-6,m198,m008-v2,,6,2
r1585,r2-6,m199,m001-v2,,6,2
r1586,r2-6,m199,m002-v2,,6,2
r1587,r2-6,m199,m003-v2,,6,2
r1588,r2-6,m199,m004-v2,,6,2
r1589,r2-6,m199,m005-v2,,6,2
r1590,r2-6,m199,m006-v2,,6,2
r1591,r2-6,m199,m007-v2,,6,2
r1592,r2-6,m199,m008-v2,,6,2
